target,residue,type,ligand_ring,distance_A,within_cutoff
cotA,B:HIS497,aromatic_ring,1,7.26,False
cotA,B:HIS497,aromatic_ring,2,5.62,True
cotA,B:HIS497,aromatic_ring,3,4.81,True
cotA,B:HIS419,aromatic_ring,1,9.75,False
cotA,B:HIS419,aromatic_ring,2,7.14,False
cotA,B:HIS419,aromatic_ring,3,5.15,True
cotA,B:TYR441,aromatic_ring,1,19.24,False
cotA,B:TYR441,aromatic_ring,2,18.83,False
cotA,B:TYR441,aromatic_ring,3,14.93,False
cotA,B:ARG416,ARG_guanidinium,1,6.31,False
cotA,B:ARG416,ARG_guanidinium,2,9.26,False
cotA,B:ARG416,ARG_guanidinium,3,6.47,False
cotA,B:ARG261,ARG_guanidinium,1,13.0,False
cotA,B:ARG261,ARG_guanidinium,2,10.81,False
cotA,B:ARG261,ARG_guanidinium,3,15.65,False
cotA,B:ARG383,ARG_guanidinium,1,14.55,False
cotA,B:ARG383,ARG_guanidinium,2,17.4,False
cotA,B:ARG383,ARG_guanidinium,3,15.27,False
AzoR1,B:TYR124,aromatic_ring,1,8.85,False
AzoR1,B:TYR124,aromatic_ring,2,6.94,False
AzoR1,B:TYR124,aromatic_ring,3,10.32,False
AzoR1,A:TRP100,aromatic_ring,1,6.13,False
AzoR1,A:TRP100,aromatic_ring,2,10.17,False
AzoR1,A:TRP100,aromatic_ring,3,7.08,False
AzoR1,A:HIS183,aromatic_ring,1,9.34,False
AzoR1,A:HIS183,aromatic_ring,2,12.85,False
AzoR1,A:HIS183,aromatic_ring,3,14.27,False
AzoR1,A:TYR148,aromatic_ring,1,10.57,False
AzoR1,A:TYR148,aromatic_ring,2,14.08,False
AzoR1,A:TYR148,aromatic_ring,3,13.92,False
AzoR1,B:PHE61,aromatic_ring,1,9.53,False
AzoR1,B:PHE61,aromatic_ring,2,6.07,False
AzoR1,B:PHE61,aromatic_ring,3,9.76,False
AzoR1,A:PHE102,aromatic_ring,1,10.12,False
AzoR1,A:PHE102,aromatic_ring,2,12.3,False
AzoR1,A:PHE102,aromatic_ring,3,10.95,False
AzoR1,B:PHE169,aromatic_ring,1,10.91,False
AzoR1,B:PHE169,aromatic_ring,2,10.94,False
AzoR1,B:PHE169,aromatic_ring,3,11.01,False
AzoR1,B:PHE122,aromatic_ring,1,9.26,False
AzoR1,B:PHE122,aromatic_ring,2,7.39,False
AzoR1,B:PHE122,aromatic_ring,3,8.21,False
AzoR1,A:ARG12,ARG_guanidinium,1,6.17,False
AzoR1,A:ARG12,ARG_guanidinium,2,8.53,False
AzoR1,A:ARG12,ARG_guanidinium,3,8.73,False
AzoR1,A:ARG144,ARG_guanidinium,1,14.11,False
AzoR1,A:ARG144,ARG_guanidinium,2,18.4,False
AzoR1,A:ARG144,ARG_guanidinium,3,17.99,False
AzoR1,B:ARG117,ARG_guanidinium,1,11.41,False
AzoR1,B:ARG117,ARG_guanidinium,2,8.58,False
AzoR1,B:ARG117,ARG_guanidinium,3,6.76,False
BsDyP,A:HIS73,aromatic_ring,1,5.42,True
BsDyP,A:HIS73,aromatic_ring,2,9.1,False
BsDyP,A:HIS73,aromatic_ring,3,5.95,True
BsDyP,A:TYR388,aromatic_ring,1,25.21,False
BsDyP,A:TYR388,aromatic_ring,2,25.8,False
BsDyP,A:TYR388,aromatic_ring,3,25.74,False
BsDyP,A:ARG339,ARG_guanidinium,1,11.38,False
BsDyP,A:ARG339,ARG_guanidinium,2,9.82,False
BsDyP,A:ARG339,ARG_guanidinium,3,9.49,False
BsDyP,A:ARG340,ARG_guanidinium,1,8.02,False
BsDyP,A:ARG340,ARG_guanidinium,2,10.59,False
BsDyP,A:ARG340,ARG_guanidinium,3,5.91,True
BsDyP,A:ARG299,ARG_guanidinium,1,14.78,False
BsDyP,A:ARG299,ARG_guanidinium,2,12.1,False
BsDyP,A:ARG299,ARG_guanidinium,3,15.08,False
