residue,contact_count,total_poses,frequency_pct
B:TYR124,56,58,96.6
A:ARG12,54,58,93.1
A:ASN101,52,58,89.7
A:ASN184,52,58,89.7
A:TRP100,51,58,87.9
B:ILE57,47,58,81.0
A:LEU99,47,58,81.0
A:GLY145,41,58,70.7
A:HIS183,40,58,69.0
A:TYR148,39,58,67.2
B:LEU52,34,58,58.6
A:VAL18,33,58,56.9
B:SER116,28,58,48.3
A:PRO98,28,58,48.3
A:SER19,27,58,46.6
B:ALA118,26,58,44.8
A:ALA143,26,58,44.8
B:PHE61,25,58,43.1
B:THR60,23,58,39.7
A:GLY146,21,58,36.2
A:GLU16,21,58,36.2
A:GLY17,21,58,36.2
A:PHE102,20,58,34.5
A:ARG144,20,58,34.5
B:PHE169,15,58,25.9
B:ASP113,14,58,24.1
B:ARG117,14,58,24.1
B:GLN65,10,58,17.2
B:PHE122,10,58,17.2
B:ASN58,8,58,13.8
A:ALA185,5,58,8.6
A:MET153,3,58,5.2
A:THR20,1,58,1.7
